Date,Value
1993-03-01,26.7
1993-04-01,27.6
1993-05-01,28.1
1993-06-01,28.1
1993-07-01,28.5
1993-08-01,28.9
1993-09-01,29.4
1993-10-01,29.3
1993-11-01,29.3
1993-12-01,29.7
1994-01-01,29.6
1994-02-01,29.9
1994-03-01,31.2
1994-04-01,31.6
1994-05-01,32.1
1994-06-01,32.5
1994-07-01,32.6
1994-08-01,32.9
1994-09-01,33.4
1994-10-01,33.4
1994-11-01,33.6
1994-12-01,33.6
1995-01-01,33.1
1995-02-01,33.6
1995-03-01,34.6
1995-04-01,34.9
1995-05-01,35.2
1995-06-01,35.5
1995-07-01,35.4
1995-08-01,35.7
1995-09-01,36.0
1995-10-01,35.7
1995-11-01,35.9
1995-12-01,35.7
1996-01-01,34.9
1996-02-01,35.1
1996-03-01,36.1
1996-04-01,36.2
1996-05-01,36.5
1996-06-01,36.7
1996-07-01,36.3
1996-08-01,36.7
1996-09-01,36.9
1996-10-01,36.3
1996-11-01,36.5
1996-12-01,36.7
1997-01-01,35.8
1997-02-01,35.9
1997-03-01,36.7
1997-04-01,36.9
1997-05-01,37.4
1997-06-01,38.0
1997-07-01,37.5
1997-08-01,37.6
1997-09-01,37.7
1997-10-01,37.0
1997-11-01,37.3
1997-12-01,37.2
1998-01-01,36.1
1998-02-01,35.9
1998-03-01,36.5
1998-04-01,36.0
1998-05-01,36.2
1998-06-01,36.6
1998-07-01,36.1
1998-08-01,36.1
1998-09-01,36.1
1998-10-01,35.3
1998-11-01,35.5
1998-12-01,35.6
1999-01-01,34.4
1999-02-01,34.4
1999-03-01,35.1
1999-04-01,34.7
1999-05-01,34.7
1999-06-01,35.1
1999-07-01,34.3
1999-08-01,34.2
1999-09-01,34.1
1999-10-01,33.1
1999-11-01,33.0
1999-12-01,34.2
2000-01-01,32.3
2000-02-01,31.9
2000-03-01,32.4
2000-04-01,31.6
2000-05-01,30.4
2000-06-01,30.9
2000-07-01,30.1
2000-08-01,30.0
2000-09-01,29.2
2000-10-01,28.5
2000-11-01,28.7
2000-12-01,29.5
2001-01-01,28.0
2001-02-01,27.7
2001-03-01,28.2
2001-04-01,27.8
2001-05-01,28.1
2001-06-01,28.7
2001-07-01,27.9
2001-08-01,27.9
2001-09-01,28.0
2001-10-01,27.5
2001-11-01,27.9
2001-12-01,28.7
2002-01-01,27.7
2002-02-01,27.4
2002-03-01,28.0
2002-04-01,27.7
2002-05-01,27.9
2002-06-01,28.4
2002-07-01,27.8
2002-08-01,28.0
2002-09-01,28.4
2002-10-01,28.3
2002-11-01,29.0
2002-12-01,30.1
2003-01-01,29.0
2003-02-01,28.9
2003-03-01,29.7
2003-04-01,29.4
2003-05-01,29.4
2003-06-01,29.7
2003-07-01,29.3
2003-08-01,29.4
2003-09-01,30.0
2003-10-01,29.9
2003-11-01,30.3
2003-12-01,31.2
2004-01-01,30.0
2004-02-01,29.9
2004-03-01,30.8
2004-04-01,31.4
2004-05-01,31.6
2004-06-01,32.4
2004-07-01,31.8
2004-08-01,31.9
2004-09-01,32.5
2004-10-01,32.2
2004-11-01,32.9
2004-12-01,34.0
2005-01-01,32.6
2005-02-01,32.5
2005-03-01,33.4
2005-04-01,32.9
2005-05-01,33.1
2005-06-01,33.7
2005-07-01,33.1
2005-08-01,33.3
2005-09-01,34.0
2005-10-01,33.5
2005-11-01,34.0
2005-12-01,34.9
2006-01-01,33.4
2006-02-01,33.4
2006-03-01,34.2
2006-04-01,33.9
2006-05-01,34.4
2006-06-01,35.2
2006-07-01,34.2
2006-08-01,34.4
2006-09-01,35.1
2006-10-01,34.5
2006-11-01,34.9
2006-12-01,35.7
2007-01-01,34.2
2007-02-01,33.9
2007-03-01,34.9
2007-04-01,34.6
2007-05-01,34.9
2007-06-01,35.5
2007-07-01,34.5
2007-08-01,34.8
2007-09-01,35.2
2007-10-01,34.8
2007-11-01,35.3
2007-12-01,36.1
2008-01-01,34.7
2008-02-01,34.9
2008-03-01,35.5
2008-04-01,35.6
2008-05-01,36.3
2008-06-01,37.5
2008-07-01,37.7
2008-08-01,39.4
2008-09-01,42.8
2008-10-01,43.4
2008-11-01,44.3
2008-12-01,47.6
2009-01-01,47.6
2009-02-01,48.3
2009-03-01,50.2
2009-04-01,51.3
2009-05-01,52.7
2009-06-01,54.5
2009-07-01,54.7
2009-08-01,54.8
2009-09-01,56.0
2009-10-01,56.3
2009-11-01,57.1
2009-12-01,60.6
2010-01-01,62.7
2010-02-01,62.9
2010-03-01,64.4
2010-04-01,64.5
2010-05-01,65.1
2010-06-01,66.1
2010-07-01,66.1
2010-08-01,66.5
2010-09-01,67.8
2010-10-01,67.8
2010-11-01,68.7
2010-12-01,70.1
2011-01-01,69.1
2011-02-01,69.4
2011-03-01,70.6
2011-04-01,70.7
2011-05-01,71.1
2011-06-01,72.0
2011-07-01,71.4
2011-08-01,72.2
2011-09-01,72.5
2011-10-01,72.3
2011-11-01,72.7
2011-12-01,73.8
2012-01-01,72.6
2012-02-01,72.8
2012-03-01,73.9
2012-04-01,73.6
2012-05-01,74.0
2012-06-01,74.9
2012-07-01,74.8
2012-08-01,74.7
2012-09-01,75.5
2012-10-01,75.8
2012-11-01,76.3
2012-12-01,77.3
2013-01-01,76.0
2013-02-01,76.0
2013-03-01,77.2
2013-04-01,77.1
2013-05-01,77.6
2013-06-01,78.1
2013-07-01,77.6
2013-08-01,77.6
2013-09-01,78.1
2013-10-01,77.8
2013-11-01,78.3
2013-12-01,79.2
2014-01-01,78.2
2014-02-01,78.3
2014-03-01,78.8
2014-04-01,78.8
2014-05-01,79.2
2014-06-01,79.9
2014-07-01,79.5
2014-08-01,79.5
2014-09-01,80.2
2014-10-01,80.3
2014-11-01,80.5
2014-12-01,81.5
2015-01-01,80.2
2015-02-01,80.3
2015-03-01,81.1
2015-04-01,80.9
2015-05-01,81.3
2015-06-01,81.8
2015-07-01,81.3
2015-08-01,81.0
2015-09-01,81.5
2015-10-01,81.6
2015-11-01,81.6
2015-12-01,81.7
2016-01-01,80.4
2016-02-01,80.1
2016-03-01,80.6
2016-04-01,80.7
2016-05-01,80.7
2016-06-01,80.8
2016-07-01,80.0
2016-08-01,80.2
2016-09-01,80.3
2016-10-01,80.6
2016-11-01,81.2
2016-12-01,82.5
2017-01-01,80.7
2017-02-01,81.5
2017-03-01,82.7
2017-04-01,82.3
2017-05-01,82.7
2017-06-01,83.4
2017-07-01,83.2
2017-08-01,83.0
2017-09-01,83.9
2017-10-01,82.9
2017-11-01,82.2
2017-12-01,81.7
2018-01-01,80.7
2018-02-01,81.6
2018-03-01,81.6
2018-04-01,81.9
2018-05-01,81.8
2018-06-01,82.0
2018-07-01,80.9
2018-08-01,81.1
2018-09-01,81.1
2018-10-01,81.1
2018-11-01,81.1
2018-12-01,81.3
2019-01-01,79.8
2019-02-01,79.7
2019-03-01,79.6
2019-04-01,79.9
2019-05-01,80.0
2019-06-01,80.3
2019-07-01,79.5
2019-08-01,79.3
2019-09-01,79.9
2019-10-01,81.5
2019-11-01,82.8
2019-12-01,84.2
2020-01-01,83.5
2020-02-01,83.7
2020-03-01,84.5
2020-04-01,89.6
2020-05-01,93.3
2020-06-01,95.3
2020-07-01,96.0
2020-08-01,97.7
2020-09-01,98.1
2020-10-01,98.0
2020-11-01,97.9
2020-12-01,97.6
2021-01-01,96.0
2021-02-01,96.2
2021-03-01,95.4
2021-04-01,96.1
2021-05-01,96.4
2021-06-01,95.8
2021-07-01,95.3
2021-08-01,93.9
2021-09-01,93.2
2021-10-01,95.9
2021-11-01,96.4
2021-12-01,96.2
2022-01-01,94.8
2022-02-01,94.0
2022-03-01,94.3
2022-04-01,93.8
2022-05-01,93.7
2022-06-01,94.0
2022-07-01,93.2
2022-08-01,92.9
2022-09-01,92.8
2022-10-01,92.6
2022-11-01,92.9
2022-12-01,93.1
2023-01-01,92.2
2023-02-01,92.6
2023-03-01,93.2
2023-04-01,93.2
2023-05-01,94.0
2023-06-01,94.8
2023-07-01,93.7
2023-08-01,93.9
2023-09-01,93.5
2023-10-01,94.7
2023-11-01,95.3
2023-12-01,95.6
2024-01-01,93.8
2024-02-01,94.0
2024-03-01,94.2
2024-04-01,93.4
2024-05-01,94.5
2024-06-01,94.5
2024-07-01,94.2
2024-08-01,94.5
2024-09-01,94.0
2024-10-01,94.3
2024-11-01,95.1
2024-12-01,94.6
2025-01-01,92.9
2025-02-01,93.2
2025-03-01,93.2
2025-04-01,93.6
2025-05-01,94.7
2025-06-01,94.5
2025-07-01,95.0
2025-08-01,95.4
2025-09-01,95.4
2025-10-01,94.6
2025-11-01,95.4
2025-12-01,95.5
